Label,X,Y,Z
NzHS,-2.037100639,-0.864882238,1.51280977
IzHS,-7.117232299,-0.031400089,19.6701405
ARHS,-7.775514802,-6.330391725,10.28654914
ALHS,-5.36049799,7.301394398,7.818524564
Fp1HS,,,
Fp2HS,,,
FzHS,,,
F3HS,,,
F4HS,,,
F7HS,,,
F8HS,,,
CzHS,6.928764898,-2.443069249,15.9804423
C3HS,,,
C4HS,,,
T3HS,,,
T4HS,,,
PzHS,,,
P3HS,,,
P4HS,,,
T5HS,,,
T6HS,,,
O1HS,,,
O2HS,,,
